<?xml version="1.0" encoding="UTF-8"?>
<plugins><plugin name="3P - Progress Programmers Pal"><x64Version>1.8.3</x64Version><aliases><alias name="3P"/></aliases><description>[Requires .net framework 4.6.1]\n\n3P is a notepad++ plug-in designed to help writing OpenEdge ABL (formerly known as Progress 4GL) code. It provides :\n\n- a powerful auto-completion\n- tool-tips on every words\n- a code explorer to quickly navigate through your code\n- a file explorer to easily access all your sources\n- the ability to run/compile and even PROLINT your source file with an in-line visualization of errors\n- more than 50 options to better suit your needs\n- and so much more!\n\nVisit http://jcaillon.github.io/3P/ for more details on the plugin</description><author>Julien Caillon</author><homepage>https://jcaillon.github.io/3P/</homepage><sourceUrl>https://github.com/jcaillon/3P</sourceUrl><latestUpdate>[2018-11-11]More infos here :\nhttps://github.com/jcaillon/3P/releases/tag/v1.8.3\n\nQuick release to fix small issues reported recently.\nImprovements:\n\n    #238: added the possibility to use &lt; and &gt; in regexes without them being interpreted as variables by doubling them in the deployment rules configuration. This allows to have string exclusion in regexes like: :^.*(?&lt;&lt;!srv)\.(p|cls)$\n\nFixed issues:\n\n    #237: typo on disclaimer\n    #235: the username/password configured for the http proxy were not sent correctly to the proxy\n    #236: you can now use an external directory for your datadigger installation (options &gt; Misc. &gt; External tools)</latestUpdate><stability>Good</stability><install><x64><download>https://github.com/jcaillon/3P/releases/download/v1.8.3/3P_x64.zip</download><copy from="3P.dll" to="$PLUGINDIR$\" validate="true"/><run file="NetFrameworkChecker.exe" arguments="-ShowOnlyIfNotInstalled" outsideNpp="0"/></x64></install><remove><x64><delete file="$PLUGINDIR$\3P.dll"/></x64></remove></plugin><plugin name="AnalysePlugin"><x64Version>1.11.37</x64Version><description>AnalysePlugin will help you to search for more than one search pattern at a time.  Great for analysing log files.</description><author>Mattes H.</author><homepage>https://analyseplugin.sourceforge.net/</homepage><sourceUrl>https://sourceforge.net/p/analyseplugin/code/</sourceUrl><versions><version number="1.11.34" md5="56a19878b902d25d0c1b12b33d3ba44a"/><version number="1.11.37" md5="b8dfbf18248c53b9d7e368e013590b55"/></versions><latestUpdate>Changes since 1.11\n - bugfix positioning ColorPopup on left side multi screen (negative coordinates)\n - bugfix scrambling with "Toggle this" context menu option\n - bugfix small correction in xsd to reflect current status\n - bugfix assertion when Options dialog is opened before findDlg docking window\n - added version information in Windows properties dialog\n - synced with source from Notepad++ v7.4.1\n - added package for both systems 32/64 in one \nChanges since 1.11-preview\n - added 64bit support and package for both systems 32/64 in one \nFurther change log see changes.txt</latestUpdate><stability>Good</stability><install><x64><download>https://sourceforge.net/projects/analyseplugin/files/binaries/v01.11-R37-x64.zip</download><copy from="AnalysePlugin.dll" to="$PLUGINDIR$\" validate="true"/><copy from="*.txt" to="$PLUGINDIR$\doc\AnalysePlugin"/><copy from="AnalysePlugin.dll" to="$PLUGINDIR$\AnalysePlugin"/></x64></install><remove><x64><delete file="$PLUGINDIR$\doc\AnalysePlugin" isDirectory="true"/><delete file="$PLUGINDIR$\AnalysePlugin\AnalysePlugin.dll"/></x64></remove></plugin><plugin name="AutoCodepage"><x64Version>1.2.2</x64Version><description>AutoCodepage: A plugin to automatically set a document's code page to your needs on loading or renaming a document, changing its language or activating its tab. Usefull especially when coding batch scripts.</description><author>Andreas Heim</author><homepage>https://sourceforge.net/projects/autocodepage/</homepage><sourceUrl>https://sourceforge.net/projects/autocodepage/files/v1.2.2/src/</sourceUrl><latestUpdate>Fixed: Entry of JavaScript in language combobox uses deprecated language id. This fix is mandatory after upgrading to Notepad++ v7.5.7 or higher.</latestUpdate><minVersion>7.5.7</minVersion><install><x64><download>https://sourceforge.net/projects/autocodepage/files/v1.2.2/plugin/x64/AutoCodepage_v1.2.2_x64.zip</download><copy from="Win64\AutoCodepage.dll" to="$PLUGINDIR$\" validate="true"/><copy from="AutoCodepage.txt" to="$PLUGINDIR$\doc" validate="false"/></x64></install><remove><x64><delete file="$PLUGINDIR$\doc\AutoCodepage.txt"/></x64></remove></plugin><plugin name="AutoEolFormat"><x64Version>1.0</x64Version><description>A plugin to automatically set a document's EOL (End of Line) format to your needs on loading, saving or renaming a document or activating its tab.</description><author>Andreas Heim</author><homepage>https://sourceforge.net/projects/autoeolformat/</homepage><sourceUrl>https://sourceforge.net/projects/autoeolformat/files/v1.0/src/</sourceUrl><latestUpdate>[2018-10-09] Initial release.</latestUpdate><install><x64><download>https://sourceforge.net/projects/autoeolformat/files/v1.0/plugin/x64/AutoEolFormat_v1.0_x64.zip</download><copy from="Win64\AutoEolFormat.dll" to="$PLUGINDIR$\" validate="true"/><copy from="AutoEolFormat.txt" to="$PLUGINDIR$\doc"/></x64></install><remove><x64><delete file="$PLUGINDIR$\doc\AutoEolFormat.txt"/></x64></remove></plugin><plugin name="AutoSave"><x64Version>1.6.0</x64Version><aliases><alias name="Auto Save"/></aliases><description>AutoSave allows to automatically save the currently open files based on a timer schedule (default is 1 min) and/or upon the application losing focus. The plugin offers a couple of options to save the current (or all the files), selecting only the named ones, accessible through a menu.</description><author>Franco Stellari</author><homepage>https://sites.google.com/site/fstellari/nppplugins</homepage><latestUpdate>2017-02-08	Added the capability of creating a time stamped copy of current file content.</latestUpdate><stability>Good</stability><install><x64><download>https://sites.google.com/site/fstellari/nppplugins/AutoSave_dll_1v60.zip</download><copy from="64bit\AutoSave.dll" to="$PLUGINDIR$\" validate="true"/></x64></install></plugin><plugin name="BetterMultiSelection"><x64Version>1.3</x64Version><description>Provide better cursor movements when using multiple selections.</description><author>Justin Dailey</author><sourceUrl>https://github.com/dail8859/BetterMultiSelection</sourceUrl><latestUpdate>2018-09-29 \n- Add support for moving cursors up and down.</latestUpdate><stability>Good</stability><install><x64><download>https://github.com/dail8859/BetterMultiSelection/releases/download/v1.3/BetterMultiSelection_v1.3_x64.zip</download><copy from="BetterMultiSelection_64.dll" to="$PLUGINDIR$\" validate="true"/></x64></install><remove><x64><delete file="$PLUGINDIR$\BetterMultiSelection_64.dll"/></x64></remove></plugin><plugin name="BinHex"><x64Version>2.0.0.1</x64Version><description>Binhex plugin is a plugin for Notepad++ that can be use for bin/hex string manipulations such as bin hex conversion, bit shifting, grouping etc., can support very long string manipulation\n\n- FORMAT : MSB --&gt; LSB\n- accepts prefix 0x/0b\n- select/highlight the target text then call the function through plugin menu/shortcut key assigned\n- target text will get manipulated in place</description><author>skycc86</author><homepage>https://github.com/skycc86/npp_binhex_plugin</homepage><sourceUrl>https://github.com/skycc86/npp_binhex_plugin</sourceUrl><latestUpdate>{2018-10-05] Version 2.0.0.1\n- remove default shortcut mapping that clash with npp default shortcut\n{2018-06-02] Version 2.0.0.0\n- compile for win32 and x64\n- added default shortcut key\n- added incremental search and move to other view toolbar icon\n- maintain 0x / 0b prefix</latestUpdate><install><x64><download>https://github.com/skycc86/npp_binhex_plugin/releases/download/v2.0.0.1/binhex_v2.0.0.1_x64.zip</download><copy from="binhex_v2.0.0.1_x64\binhex.dll" toFile="$PLUGINDIR$\" validate="true"/><copy from="binhex_v2.0.0.1_x64\license.txt" toFile="$PLUGINDIR$\doc\BinHex"/><copy from="binhex_v2.0.0.1_x64\readme.FIRST" toFile="$PLUGINDIR$\doc\BinHex"/></x64></install><remove><x64><delete file="$PLUGINDIR$\doc\BinHex"/></x64></remove></plugin><plugin name="Code alignment"><x64Version>14.1</x64Version><description>Code alignment helps you present your code beautifully, enhancing clarity and readability.\n\nAlign your code by any character. Fast logical shortcuts to perform common alignments such as equals and period.\n\nRequires .NET Framework 4.0</description><author>Chris McGrath</author><homepage>http://codealignment.com</homepage><sourceUrl>https://github.com/cpmcgrath/codealignment</sourceUrl><latestUpdate>Version 14.1: 2018-12-16 \n#66 Stop working for VS2012 after V14\n#80 Add Support for Visual Studio 2019\nVersion 14: 2018-01-13 \n#64 Add Support for Notepad++ x64\n#65 Setup AppVeyor Continuous Integration Server\nVersion 13: 6 Nov 2016 Upgrade all Projects from .NET 3.5 to .NET 4 enhancement Notepad++ Visual Studio\nVersion 12: Align by string screen lets align from caret position if SHIFT is down when clicking OK\nVersion 11: Add ability to specify where to add spaces (ability to right align).</latestUpdate><install><x64><download>https://github.com/cpmcgrath/codealignment/releases/download/v14.1/CodeAlignmentNpp_v14.1_x64.zip</download><copy from="CodeAlignmentNpp.dll" to="$PLUGINDIR$\" validate="true"/><copy from="CodeAlignment\CodeAlignment.Common.dll" to="$PLUGINDIR$\CodeAlignment" validate="true"/><copy from="CodeAlignment\CodeAlignment.Common.WinForms.dll" to="$PLUGINDIR$\CodeAlignment" validate="true"/></x64></install><remove><x64><delete file="$PLUGINDIR$\CodeAlignment\CodeAlignment.Common.dll"/><delete file="$PLUGINDIR$\CodeAlignmentNpp.dll"/><delete file="$PLUGINDIR$\CodeAlignment\CodeAlignment.Common.WinForms.dll"/></x64></remove></plugin><plugin name="Code::Stats"><x64Version>1.0.1</x64Version><aliases><alias name="CodeStats"/></aliases><description>Code::Stats - Write code, level up, show off! A free stats tracking service for programmers. This plugin enables XP tracking in Notepad++.</description><author>p0358</author><homepage>https://github.com/p0358/notepadpp-CodeStats</homepage><sourceUrl>https://github.com/p0358/notepadpp-CodeStats</sourceUrl><latestUpdate>2017-12-30\n- Added the ability to change API URL in GUI\n- Added user-agent for API pulses\n- Some bug fixes</latestUpdate><stability>Good</stability><install><x64><download>https://github.com/p0358/notepadpp-CodeStats/releases/download/v1.0.1/notepadpp-CodeStats_x64.zip</download><copy from="CodeStats.dll" to="$PLUGINDIR$\" validate="true"/></x64></install></plugin><plugin name="Compare"><x64Version>2.0.0</x64Version><description>A very useful compare plugin to show the differences between 2 files (side by side).</description><author>Ty Landercasper, Jean-Sebastien Leroy, Pavel Nedev</author><homepage>https://github.com/jsleroy/compare-plugin</homepage><sourceUrl>https://github.com/jsleroy/compare-plugin</sourceUrl><latestUpdate>2016-12-19 Total plugin re-work. Fixed stability issues. Several new features and many improvements.</latestUpdate><install><x64><download>https://github.com/pnedev/compare-plugin/releases/download/v2.0.0/ComparePlugin_v2.0.0_X64.zip</download><copy from="ComparePlugin.dll" to="$PLUGINDIR$\" validate="true"/><copy from="ComparePlugin\*.*" to="$PLUGINDIR$\ComparePlugin\" validate="true" recursive="true"/></x64></install><remove><x64><delete file="$PLUGINDIR$\ComparePlugin\" isDirectory="true"/></x64></remove></plugin><plugin name="Converter"><x64Version>4.2.1</x64Version><description>Converts selected text (hexadecimal string or ASCII string) to ASCII or hexadecimal string according your choice.</description><author>Don Ho</author><homepage>https://github.com/npp-plugins/converter</homepage><sourceUrl>https://github.com/npp-plugins/converter</sourceUrl><latestUpdate>[2017-05-13] Make it compatible with old os (XP)</latestUpdate><install><x64><download>https://github.com/npp-plugins/converter/releases/download/v4.2.1/nppConvert.v4.2.1.x64.zip</download><copy from="NppConverter.dll" to="$PLUGINDIR$\" validate="true"/><copy from="*.txt" to="$PLUGINDIR$\doc\NppConverter"/></x64></install></plugin><plugin name="CS-Script (C# intellisense)"><x64Version>1.7.24.0</x64Version><aliases><alias name="CS-Script"/></aliases><description>Notepad++ plugin for CS-Script integration. \nIt implements a real C# intellisense (similar to MS IntelliSense®) solution based on CS-Script and ICSharpCode.NRefactory/Mono.Cecil. \nIt also allows loading, executing, modifying and debugging C# scripts in a way very similar to the Visual Studio C# projects support.\nThis includes referencing assemblies and other scripts, code formatting, adding missing namespaces and intercepting Debug and Console output. It also includes integrated managed debugger\nRequires .NET 4.0</description><author>Oleg Shilo</author><homepage>https://github.com/oleg-shilo/cs-script.npp/blob/master/README.md</homepage><sourceUrl>https://github.com/oleg-shilo/cs-script.npp</sourceUrl><latestUpdate>[2018-11-24] Release v1.7.24\n- Updated deployment algorithm to handle another set of breaking changes in Notepad++ v7.6 hosting model (PluginAdmin compatible).\n- Fixed script startup problem with '|' character in the DefaultRefAssemblies value.</latestUpdate><stability>Good</stability><minVersion>6.4.5</minVersion><install><x64><download>https://github.com/oleg-shilo/cs-script.npp/releases/download/v1.7.24/CSScriptNpp.1.7.24.0.x64.zip</download><copy from="CSScriptNpp\*.*" to="$PLUGINDIR$\CSScriptNpp" validate="true" recursive="true"/><copy from="CSScriptNpp.dll" to="$PLUGINDIR$\" validate="true"/></x64></install><remove><x64><delete file="$PLUGINDIR$\CSScriptNpp\CSScriptNpp.dll"/><delete file="$PLUGINDIR$\CSScriptNpp" isDirectory="true"/></x64></remove></plugin><plugin name="CsvQuery"><x64Version>1.2.6</x64Version><description>Enables SQL queries against CSV files</description><author>jokedst</author><sourceUrl>https://github.com/jokedst/CsvQuery</sourceUrl><latestUpdate>2018-01-26\nBetter handling of quoted strings during parsing and analysis</latestUpdate><stability>Good</stability><install><x64><download>https://github.com/jokedst/CsvQuery/releases/download/v1.2.6/CsvQuery-v1.2.6-x64.zip</download><copy from="CsvQuery.dll" to="$PLUGINDIR$\" validate="true"/></x64></install></plugin><plugin name="Customize Toolbar"><x64Version>4.2</x64Version><description>This plugin allows the Notepad++ toolbar to be fully customised by the user, and includes twenty-nine additional buttons for frequently used menu commands.  All buttons on the toolbar can be customized, whether Notepad++ built-in buttons, the additional buttons, or buttons belonging to other plugins.\n\nCustom buttons for Notepad++ or plugin menu commands can be defined using a configuration file.  It is possible to replace the icons of existing Notepad++ buttons.</description><author>dw-dev@gmx.com</author><homepage>https://sourceforge.net/projects/npp-customize</homepage><latestUpdate>Version 4.2. Changed name of .dll file from CustomizeToolbar.dll to _CustomizeToolbar.dll. Minor bug fixes.</latestUpdate><stability>Good</stability><install><x64><download>https://sourceforge.net/projects/npp-customize/files/Customize%20Toolbar%20v4.2/CustomizeToolbar_4_2_x64_UNI.zip/download</download><copy from="_CustomizeToolbar.dll" to="$PLUGINDIR$\" validate="true"/></x64></install><remove><x64><delete file="$PLUGINDIR$\_CustomizeToolbar.dll"/></x64></remove></plugin><plugin name="CustomLineNumbers"><x64Version>1.1.5</x64Version><description>CustomLineNumbers: A plugin to display line numbers as hex numbers. You can also configure the starting line number.</description><author>Andreas Heim</author><homepage>https://sourceforge.net/projects/customlinenumbers/</homepage><sourceUrl>https://sourceforge.net/projects/customlinenumbers/files/v1.1.5/src/</sourceUrl><latestUpdate>[2018-10-04]  Fixed: Still problems with missing line numbers when changing height of Notepad++ window.</latestUpdate><install><x64><download>https://sourceforge.net/projects/customlinenumbers/files/v1.1.5/plugin/x64/CustomLineNumbers_v1.1.5_x64.zip</download><copy from="Win64\CustomLineNumbers.dll" to="$PLUGINDIR$\" validate="true"/><copy from="CustomLineNumbers.txt" to="$PLUGINDIR$\doc"/></x64></install><remove><x64><delete file="$PLUGINDIR$\doc\CustomLineNumbers.txt"/></x64></remove></plugin><plugin name="DoxyIt"><x64Version>0.4.3</x64Version><description>Inspired by DocIt. Generates Doxygen style comment blocks based on function/method definitions. Also provides functionality for modifying comment blocks. Configurable for each language. Current supported languages:\n* C/C++\n* Python\n* Java\n* PHP\n* JavaScript\n* C#\n* UDLs</description><author>Justin Dailey</author><sourceUrl>https://github.com/dail8859/doxyit</sourceUrl><latestUpdate>22 May 2017 Fix $FUNCTION keyword</latestUpdate><stability>Good</stability><install><x64><download>https://github.com/dail8859/DoxyIt/releases/download/v0.4.3/DoxyIt_64.zip</download><copy from="DoxyIt_64.dll" to="$PLUGINDIR$\" validate="true"/></x64></install><remove><x64><delete file="$PLUGINDIR$\DoxyIt_64.dll"/></x64></remove></plugin><plugin name="DSpellCheck"><x64Version>1.4.9</x64Version><description>Spell-checking plugin, with following main features:\n-Underlining spelling mistakes\n-Iterating through all mistakes in document\n-Finding mistakes only in comments and strings (For files with standard programming language syntax e.g. C++)\n-Possible usage of multiple languages (dictionaries) simultaneously to do spell-checking.\n-Getting suggestions for words by either using default Notepad++ menu or separate context menu called by special button appearing under word.\n-Able to add words to user dictionary or ignore them for current session of Notepad++\n-Using either Hunspell library (included in plugin), either Aspell library (needs to be installed), .\n-A lot of customizing available from Plugin settings (Ignoring/Allowing only specific files, Choosing delimiters for words, Maximum number of suggestions etc)\n-Support for downloading and removing Hunspell dictionaries through user friendly GUI interface\n-Ability to quickly change current language through the nice menu.</description><author>Sergey Semushin</author><homepage>https://github.com/Predelnik/DSpellCheck/releases</homepage><sourceUrl>https://github.com/Predelnik/DSpellCheck</sourceUrl><latestUpdate>2018-12-01\n* Fix hang when spell-checking file containing invalid utf-8 characters.</latestUpdate><stability>Good</stability><install><x64><download>https://github.com/Predelnik/DSpellCheck/releases/download/v1.4.9/DSpellCheck_x64.zip</download><copy from="DSpellCheck.dll" to="$PLUGINDIR$\" validate="true"/></x64></install></plugin><plugin name="Elastic Tabstops"><x64Version>1.3</x64Version><description>Implementation of Elastic Tabstops. Stretch tabs to align with adjacent lines. Can also be used for TSV files.\n\nFor more information about elastic tabstops see: \nhttp://nickgravgaard.com/elastic-tabstops/</description><author>Justin Dailey</author><sourceUrl>https://github.com/dail8859/ElasticTabstops</sourceUrl><latestUpdate>- Limit updates to only the current view region. This can lead to a significant performance increase for large files such as TSV, or when doing Search/Replace. Note: that this may case columns to change sizes while scrolling.\n- Fix issue with specifying extensions\n- Fix tab widths for proportional fonts\n- Allow elastic tabstops to be calculated for files using spaces as indentation</latestUpdate><stability>Good</stability><install><x64><download>https://github.com/dail8859/ElasticTabstops/releases/download/v1.3/ElasticTabstops_64.zip</download><copy from="ElasticTabstops_64.dll" to="$PLUGINDIR$\" validate="true"/></x64></install><remove><x64><delete file="$PLUGINDIR$\ElasticTabstops_64.dll"/></x64></remove></plugin><plugin name="HTML Tag"><x64Version>1.1.0.0</x64Version><description>This plug-in provides three core functions to Notepad++:\n- HTML and XML tag jumping, like the built-in brace matching (Ctrl+B / Shift+Ctrl+B), and selection\n  of tags and/or contents.\n- HTML entity encoding/decoding (example: é to &amp;eacute;)\n- JS character encoding/decoding (example: é to \u00E9)</description><author>Martijn Coppoolse</author><homepage>https://fossil.2of4.net/npp_htmltag/</homepage><sourceUrl>https://sourceforge.net/projects/npp-plugins/files/HTMLTag/HTMLTag%20plugin%20v1.0.0/HTMLTag_plugin_v1.0.0_src.zip/download</sourceUrl><latestUpdate>[Version 1.1.0 - 2017-09-04 20:15]\n  * Added: option to encode line break entities as well\n  * Fixed: decoding a JS escape reduced the selection by one each time</latestUpdate><install><x64><download>https://fossil.2of4.net/npp_htmltag/doc/v1.1.0/publish/HTMLTag_plugin_latest_64.zip</download><copy from="HTMLTag.dll" to="$PLUGINDIR$\" validate="true" backup="true"/><copy from="HTMLTag-entities.ini" to="$PLUGINDIR$\" backup="true"/><copy from="Config/HTMLTag.ini" to="$CONFIGDIR$\" backup="true"/><copy from="Doc/HTMLTag-readme.txt" toFile="$CONFIGDIR$\Doc\HTMLTag-readme.txt"/></x64></install></plugin><plugin name="ImgTag"><x64Version>2.0.1</x64Version><description>ImgTag allows to insert img tags, in your html document, using the Open File Dialog Box to select image files.</description><author>salvom</author><homepage>https://sourceforge.net/projects/imgtag/</homepage><sourceUrl>https://sourceforge.net/projects/imgtag/files/</sourceUrl><latestUpdate>2018-01-22 Unofficial port for x64 version\n2013-07-07\nversion 2.0.1 \n--Fixed a bug: now the images are shown entirely with the "Show Image" command. \n\nversion 2.0 \n---ImgTag was rewritten in C#. This version requires the .net framework 2.0 or above. Now it's possible: to resize the image, to update the image size to the actual size, to show the image, to rename the image.</latestUpdate><install><x64><download>https://github.com/chcg/ImgTag/releases/download/2.0.1.8/ImgTag_2.0.1.8_x64.zip</download><copy from="ImgTag.dll" to="$PLUGINDIR$\" validate="true"/><copy from="*.txt" to="$PLUGINDIR$\doc\ImgTag"/></x64></install></plugin><plugin name="JavaScript Map Parser"><x64Version>4.2</x64Version><description>This is an extension for for better JavaScript support. It provides a panel with hierarchy structure of functions in your js file.</description><author>Oleksandr Boiko</author><homepage>https://github.com/megaboich/js-map-parser/</homepage><sourceUrl>https://github.com/megaboich/js-map-parser/</sourceUrl><latestUpdate>2017-12-19 Version 4.2\n- updated dllexport data for x64 builds\n- updated used nuget packages\n- updated ilmerge tool\n- updated to dotnet framework 4\n- appveyor.yml CI for VS2015 and VS2017\n\nVersion information:\nhttps://github.com/megaboich/js-map-parser/wiki/Version-History</latestUpdate><stability>Good</stability><minVersion>6.5</minVersion><install><x64><download>https://github.com/megaboich/js-map-parser/releases/download/4.2/JsMapParser_NppPlugin_4_2_x64.zip</download><copy from="JsMapParser.NppPlugin.dll" to="$PLUGINDIR$\" validate="true"/></x64></install></plugin><plugin name="jN Notepad++ Plugin"><x64Version>2.2.185.5</x64Version><description>jN (JavaScript for Notepad++) allows you to extend Notepad++ by using JavaScript.\n- You can create new menu elements which execute JavaScript\n- You can use a lot of ActiveX components available on your PC\n- You can add shortcuts executing JavaScript\n- You can create Html based dialogs and docking windows\n- You can write JavaScript wrappers around Win32 API\n - Since version 2.0.116 you can debug your automating scripts\n - Selection highlighting and navigation bar\n - Integrated Zen Coding v0.7\n - You can catch context menu request and create your own</description><author>Eugen Kremer</author><homepage>https://github.com/sieukrem/jn-npp-plugin/wiki</homepage><sourceUrl>https://github.com/sieukrem/jn-npp-plugin</sourceUrl><latestUpdate>[2018-11-27]\n- Adapted zip file content accordingly to requirements of plugin admin.\n- Fixed #71\n \n[2018-06-24] \nUpdate dll file properties.\nFix #68 About dialog displays no longer available domain\nFix #32 x64</latestUpdate><stability>Good</stability><install><x64><download>https://github.com/sieukrem/jn-npp-plugin/releases/download/2.2.185.5/jN_2.2.185.5_x64.zip</download><copy from="jN.dll" to="$PLUGINDIR$\" validate="true"/><copy from="jN\*.*" to="$PLUGINDIR$\jN" recursive="true"/><copy from="readme.txt" to="$PLUGINDIR$\doc\jN"/></x64></install></plugin><plugin name="JSON Viewer"><x64Version>1.32</x64Version><aliases><alias name="JSONViewer"/></aliases><description>A JSON viewer plugin for notepad++. Displays the selected JSON string in a tree view.</description><author>Kapil Ratnani</author><homepage>https://github.com/kapilratnani/JSON-Viewer</homepage><sourceUrl>https://github.com/kapilratnani/JSON-Viewer</sourceUrl><latestUpdate>[2018-10-14] Fixes #39 Format JSON changes numeric values</latestUpdate><install><x64><download>https://github.com/kapilratnani/JSON-Viewer/releases/download/1.32/NPPJSONViewerX64.zip</download><copy from="NPPJSONViewer.dll" to="$PLUGINDIR$\" validate="true"/></x64></install><remove><x64><delete file="$PLUGINDIR$\NPPJSONViewer.dll"/></x64></remove></plugin><plugin name="JSTool"><x64Version>1.18.10.3</x64Version><aliases><alias name="JSMin"/></aliases><description>A javascript plugin for Notepad++.\n * Douglas Crockford's JSMin algorithm to minimize javascript code.\n * My own algorithm to format javascript code.\n * A JSON data viewer. This JSON data viewer can handle &gt;10MB JSON file easily.\n * Support 64bit Notepad++ (from version 1.20.0, ".64.zip" package).\nReally helpful to javascript coder on Notepad++ and really easy to use it.\nMade in China.</description><author>Sun Junwen</author><homepage>http://www.sunjw.us/jstoolnpp</homepage><sourceUrl>https://github.com/sunjw/jstoolnpp</sourceUrl><latestUpdate>[2018-10-30]\n[Common] Fix "export default" format.\n[Common] Fix '/' in [] within regular expression format.\n[Common] Not to format Unix Shebang at begining of a script.\n[Common] Change version naming to MAJOR.YEAR-MONTH.BUILD.\n[NPP] Fix json parser remove escaped ' or " at the end of string.</latestUpdate><stability>Good</stability><install><x64><download>https://sourceforge.net/projects/jsminnpp/files/Uni/JSToolNPP.1.1810.3.uni.64.zip/download</download><copy from="JSMinNPP.dll" to="$PLUGINDIR$\" validate="true"/></x64></install></plugin><plugin name="LanguageHelp"><x64Version>1.7.2</x64Version><aliases><alias name="Language Help"/></aliases><description>LanguageHelp allows to run a language specific help file (CHM, HLP, PDF) and search for the keyword under the cursor. The latest versions allow also to show the help file as menu entries for quick launch.</description><author>Franco Stellari</author><homepage>https://sites.google.com/site/fstellari/nppplugins</homepage><latestUpdate>2017-02-14	Improve detection of context menu.</latestUpdate><stability>Good</stability><install><x64><download>https://sites.google.com/site/fstellari/nppplugins/LanguageHelp_dll_1v72.zip</download><copy from="64bit\LanguageHelp.dll" to="$PLUGINDIR$\" validate="true"/></x64></install></plugin><plugin name="LuaScript"><x64Version>0.8</x64Version><description>Plugin for Lua scripting capabilities. Provides control over all of Scintilla's features and options with a light-weight, fully-functional programming language.</description><author>Justin Dailey</author><sourceUrl>https://github.com/dail8859/LuaScript</sourceUrl><latestUpdate>2018-09-29\n - Added luawinfile module which supports file-system interactions. This can be accessed in LuaScript by using winfile\n- Overhauled the auto-completion to dynamically handle tables and their associated meta-tables.</latestUpdate><stability>Good</stability><install><x64><download>https://github.com/dail8859/LuaScript/releases/download/v0.8/LuaScript_v0.8_x64.zip</download><copy from="LuaScript_64.dll" to="$PLUGINDIR$\" validate="true"/></x64></install><remove><x64><delete file="$PLUGINDIR$\LuaScript_64.dll"/></x64></remove></plugin><plugin name="MarkdownViewer++"><x64Version>0.8.2</x64Version><aliases><alias name="MarkdownViewerPlusPlus"/><alias name="MarkdownViewer++"/></aliases><description>View a Markdown/CommonMark compliant text file rendered on-the-fly directly in Notepad++ in a docked panel.\nExport the rendered result as HTML or PDF and configure the file extensions to be rendered.</description><author>nea</author><homepage>https://nea.github.io/MarkdownViewerPlusPlus/</homepage><sourceUrl>https://github.com/nea/MarkdownViewerPlusPlus</sourceUrl><latestUpdate>* Merged a lot of bugfixes and improvements, thanks to monoblaine\n* Updated Markdig to v0.15.0, PDFSharp to v1.50.4845-RC2a and HTMLRenderer accordingly\n* Added a shortcut to Options and About to MarkdownViewerPanel</latestUpdate><stability>Good</stability><minVersion>7.5</minVersion><install><x64><download>https://github.com/nea/MarkdownViewerPlusPlus/releases/download/0.8.2/MarkdownViewerPlusPlus-0.8.2-x64.zip</download><copy from="MarkdownViewerPlusPlus.dll" to="$PLUGINDIR$\" validate="true"/><copy from="*.md" to="$PLUGINDIR$\MarkdownViewerPlusPlus"/><copy from="license\*.txt" to="$PLUGINDIR$\MarkdownViewerPlusPlus"/><copy from="license\*.md" to="$PLUGINDIR$\MarkdownViewerPlusPlus"/></x64></install><remove><x64><delete file="$PLUGINDIR$\MarkdownViewerPlusPlus.dll"/><delete file="$PLUGINDIR$\MarkdownViewerPlusPlus"/></x64></remove></plugin><plugin name="Menu Icons"><x64Version>1.2.2</x64Version><aliases><alias name="MenuIcons"/></aliases><description>MenuIcons allows to add icons to both main and context menu. Several options are available to load the icons from a folder. More than provide a full set of icons, it's design to enable people to create their own set of icon themes.\nNote: the plugin does not work correctly on WinXP.\n\nAlternative icon sets: English by Yaron, Hebrew by Yaron.\nJust download them and replace the MenuIcon folder or save them somewhere else and set the new folder in the Menu Icons plugin options.</description><author>Franco Stellari</author><sourceUrl>https://sites.google.com/site/fstellari/nppplugins</sourceUrl><stability>Good</stability><install><x64><download>https://sites.google.com/site/fstellari/nppplugins/MenuIcons_dll_1v22.zip</download><copy from="64bit\MenuIcons.dll" to="$PLUGINDIR$\" validate="true"/><copy from="MenuIcons\*.*" to="$PLUGINDIR$\MenuIcons" recursive="true"/></x64></install></plugin><plugin name="MIME Tools"><x64Version>2.3</x64Version><description>Converts to and from Base64 as well as Quoted Printable formats. This is suitable to process texts from emails or to be emailed.</description><author>Don Ho</author><homepage>https://github.com/npp-plugins/mimetools</homepage><sourceUrl>https://github.com/npp-plugins/mimetools</sourceUrl><latestUpdate>[2019-01-07] Enhance base64: decode/encode without padding</latestUpdate><install><x64><download>https://github.com/npp-plugins/mimetools/releases/download/v2.3/mimetools.v2.3.x64.zip</download><copy from="mimeTools.dll" to="$PLUGINDIR$\" validate="true"/><copy from="*.txt" to="$PLUGINDIR$\doc\mimeTools"/></x64></install></plugin><plugin name="MusicPlayer"><x64Version>1.0.0.3</x64Version><description>It's a plug in to open and play music files.\nSupports:\n*.wav\n*.mp3\n*.aiff\n*.wma</description><author>Jon Galletero</author><homepage>https://sourceforge.net/projects/nppmusicplayer</homepage><sourceUrl>https://github.com/gallettube/MusicPlayer</sourceUrl><latestUpdate>03-02-2018\n- Updated version for x86 and x64\n\n01-06-2015 (v1.0.0.3)\n- Menu improved\n- Donate function\n- Replace library to test\n\n31-05-2015 (v1.0.0.2)\n- Open FileS\n\n31-05-2015 (v1.0.0.1)\n- Initial release\n- Open File\n- Song</latestUpdate><stability>Good</stability><install><x64><download>https://github.com/gallettube/MusicPlayer/releases/download/1.0.11/MusicPlayer_1.0.11x64.dll.zip</download><copy from="MusicPlayer_1.0.11x64.dll" to="$PLUGINDIR$\"/></x64></install></plugin><plugin name="NavigateTo"><x64Version>1.12.4.1</x64Version><description>Do you have more then 10 open tabs? than this plugin is for you.\n\nNavigate To is a new and efficient way to quickly navigate between tabs(files) in your Notepad++. It allows you to search for a symbol or filename, filepath by matching against a keyword you type in, and get a real time preview while going through the search results by Shift key.\nAnd YES indeed you can uncheck the Multi-line option, in the Preferences &gt; General &gt; Tab Bar zone because you don’t need the multi-lines tab feature anymore :)\n\nAuthor: Oleksii Maryshchenko\nEmail: young_developer@mail.ru</description><author>Oleksii Maryshchenko</author><homepage>https://github.com/young-developer/nppNavigateTo</homepage><sourceUrl>https://github.com/young-developer/nppNavigateTo</sourceUrl><latestUpdate>13-03-2018 Version 1.12.4\n-Issues #8 , #9 were resolved.\n-Ctrl+A functionality was restored.\n\nVersion 1.12.3\n-Crash in x32bit version was fixed.\n--\n**New features and enhancements:**\n- Right-click context menu for files like in NPP was added.\n- File preview functionality was added.\n- Minimum window size was set to 400x200\n- New column 'View' was added.\n- Number of matching results was moved to form title.\n- File status functionality was implemented:\nBlack - SAVED\nRed - UNSAVED\nGrey - READONLY  \n\n**Bugs:**  \n- Unicode search, open and highlight bugs(filenames and paths with letters like é, à or else ) were fixed.\n- Filter editbox could not be unfocused now.  \n\n**Other:**\n- Filter is case insensitive and highlight only first sub-string match.  \n\n**Tips &amp; Tricks** \n- Hold &lt;kbd&gt;ALT&lt;/kbd&gt; and press  &lt;kbd&gt;↑&lt;/kbd&gt; or &lt;kbd&gt;↓&lt;/kbd&gt; to open search history.\n- Open NavigateTo form and then hold &lt;kbd&gt;SHIFT&lt;/kbd&gt; and press &lt;kbd&gt;↑&lt;/kbd&gt; or &lt;kbd&gt;↓&lt;/kbd&gt; to preview files.</latestUpdate><stability>Good</stability><install><x64><download>https://github.com/young-developer/nppNavigateTo/releases/download/1.12.4/NavigateTo_x64.zip</download><copy from="bin64\NavigateTo.dll" to="$PLUGINDIR$\" validate="true"/></x64></install><remove><x64><delete file="$PLUGINDIR$\NavigateTo.dll"/></x64></remove></plugin><plugin name="Notepad#"><x64Version>1.5.0</x64Version><description>General plugin (proper new line handling, comments, indenting etc)\n\n Implemented so far:\n\n- Proper new line inside CommentDoc/DocBlock for C, C++, Javascript, PHP\n- Proper new line for # comment in Ruby\n- Indent after opening curly brace for C-like languages, CSS\n  and proper indenting for closing curly brace\n- Delete current line keeping the column\n- Undo closed tab\n- Switching tabs with ALT + LEFT/RIGHT\n- Wrap selection with Open/Close tag\n- Url encode/decode selection\n- Autoclose embeded script tags for ruby and php (&lt;% | &lt;?)\n- Column ruler\n- Indent after opened tag - XML, HTML and PHP\n- Close last open tag\n- Autonumbering inside CommentDoc/DocBlock and # comment\n- Indent after instruction for Ruby - module|class|def|do|if|else|elsif|private\n- Match "end" indentation for Ruby\n- Autocomplete CommentDoc/DocBlock keywords\n- Peek CSS hex colors\n- Scroll past end of file\n- Convert leading TABS to Spaces and reverse\n- Paste indented\n- Double click edit tag</description><author>jvdanilo</author><homepage>https://github.com/jvdanilo/NotepadSharp</homepage><sourceUrl>https://github.com/jvdanilo/NotepadSharp</sourceUrl><stability>No longer available</stability><install><x64><download>https://github.com/chcg/NotepadSharp/releases/download/1.5.0/NotepadSharp_1.5.0_x64.zip</download><copy from="bin64/NotepadSharp.dll" to="$PLUGINDIR$\" validate="true"/></x64></install><remove><x64><delete file="$PLUGINDIR$\NotepadSharp.dll"/></x64></remove></plugin><plugin name="Notepad++ bplist plugin"><x64Version>1.2.0.4</x64Version><description>This plugin supports viewing\editing binary plist files. As long as ordinary plist files comes in XML format, this plugin dont supports them. It loads only binary plist files ( bplist ).</description><author>azerg</author><homepage>http://blog.azerg.com/</homepage><sourceUrl>https://github.com/azerg/NppBplistPlugin</sourceUrl><latestUpdate>07.27.2017 (v1.2.0.4)\n- binary version fix\n01.27.2017 (v1.2.0.3)\n- Thanks @chcg , added x64 build.\n01.25.2017 (v1.2.0.0)\n- + ability to distinguish between bplist files and ordinary xmls via plugin menu.\n02.05.2015 (v1.0.1.4)\n- Initial release</latestUpdate><stability>Good</stability><install><x64><download>https://github.com/azerg/NppBplistPlugin/releases/download/1.2.0.4/NppBplistPlugin_x64.zip</download><copy from="NppBplistPlugin.dll" to="$PLUGINDIR$\" validate="true"/></x64></install></plugin><plugin name="NotepadStarterPlugin"><x64Version>2.3.2.0</x64Version><description>This tool designed as a Notepad++ plugin by [Yonggang Luo](luoyonggang(at)gmail.com), when\nit installed as a Notepad++ plugin or running NotepadStarter.exe in the Notepad++ app\ndirectory, it's will automatically replace the system default notepad.exe application with\nNotepad++ (Without need for removing anything from the windows system.).  It's tested\nunder Windows 7, but Windows XP should also works.</description><author>Yonggang Luo</author><homepage>https://github.com/lygstate/NotepadStarter/</homepage><sourceUrl>https://github.com/lygstate/NotepadStarter/archive/2.3.2.0.zip</sourceUrl><latestUpdate>2018-02-09\nRelease 2.3.2</latestUpdate><stability>Good</stability><minVersion>5.0</minVersion><install><x64><download>https://github.com/lygstate/NotepadStarter/releases/download/2.3.2.0/NotepadStarter_2.3.2.0_x64.zip</download><copy from="NotepadStarterPlugin.dll" to="$PLUGINDIR$\" validate="true"/><copy from="NotepadStarter\NotepadStarter.exe" to="$PLUGINDIR$\NotepadStarter\" validate="true"/><copy from="NotepadStarter\NotepadStarterInstall.bat" to="$PLUGINDIR$\NotepadStarter\"/><copy from="NotepadStarter\NotepadStarterReplacer.bat" to="$PLUGINDIR$\NotepadStarter\"/><copy from="NotepadStarter\NotepadStarterUninstall.bat" to="$PLUGINDIR$\NotepadStarter\"/><copy from="NotepadStarter\readme.md" to="$PLUGINDIR$\NotepadStarter\"/><copy from="NotepadStarter\request-admin.bat" to="$PLUGINDIR$\NotepadStarter\"/><run file="NotepadStarter\NotepadStarter.exe" arguments=":install-registry" outsideNpp="0"/></x64></install><remove><x64><run file="$PLUGINDIR$\NotepadStarter\NotepadStarter.exe" arguments=":uninstall" outsideNpp="1"/></x64></remove></plugin><plugin name="Npp Xml Treeview"><x64Version>2.0.0</x64Version><aliases><alias name="Npp Xml Treview"/></aliases><description>A treeview visualization for xml files.</description><author>João Rosa</author><sourceUrl>https://github.com/joaoasrosa/nppxmltreeview</sourceUrl><latestUpdate>This release address the problems with version mismatches, reported by several users (#26, #27, #29, #30).\nWe also improve the plugin, removing some API contracts, adding behavioral tests and logging. Also, a consistent way of building the plugin was created, using Cake.</latestUpdate><stability>Good</stability><install><x64><download>https://github.com/joaoasrosa/nppxmltreeview/releases/download/v2.0.0/NppXMLTreeViewPlugin_x64.zip</download><copy from="NppXmlTreeviewPlugin.dll" to="$PLUGINDIR$\" validate="true"/><copy from="NppXmlTreeviewPlugin\NppXmlTreeviewPlugin.Parsers.dll" to="$PLUGINDIR$\NppXmlTreeviewPlugin" validate="true"/><copy from="NppXmlTreeviewPlugin\Serilog.dll" to="$PLUGINDIR$\NppXmlTreeviewPlugin" validate="true"/><copy from="NppXmlTreeviewPlugin\Serilog.Sinks.File.dll" to="$PLUGINDIR$\NppXmlTreeviewPlugin" validate="true"/><copy from="NppXmlTreeviewPlugin\Serilog.Sinks.RollingFile.dll" to="$PLUGINDIR$\NppXmlTreeviewPlugin" validate="true"/></x64></install><remove><x64><delete file="$PLUGINDIR$\NppXmlTreeviewPlugin.dll"/><delete file="$PLUGINDIR$\NppXmlTreeviewPlugin\NppXmlTreeviewPlugin.Parsers.dll"/><delete file="$PLUGINDIR$\NppXmlTreeviewPlugin\Serilog.dll"/><delete file="$PLUGINDIR$\NppXmlTreeviewPlugin\Serilog.Sinks.File.dll"/><delete file="$PLUGINDIR$\NppXmlTreeviewPlugin\Serilog.Sinks.RollingFile.dll"/></x64></remove></plugin><plugin name="npp.Connections"><x64Version>1.0.1</x64Version><description>This plugin allows Notepad++ to connect to MS SQL or Sybase servers. ODBC data sources, like a MySql Driver, are also supported</description><author>Vladimir Korobenkov</author><homepage>https://github.com/vladk1973/npp.connections</homepage><sourceUrl>https://github.com/vladk1973/npp.connections</sourceUrl><latestUpdate>22.02.2018 (v1.0.1)\n- Minor bug in check button Menu fixed\n- 64-bit ready\n20.02.2018 (v1.0)\n- Initial release</latestUpdate><stability>Good</stability><install><x64><download>https://github.com/vladk1973/npp.connections/releases/download/v1.0.1/npp.connections-1.0.1-x64.zip</download><copy from="npp.connections.dll" to="$PLUGINDIR$\" validate="true"/></x64></install><remove><x64><delete file="$PLUGINDIR$\npp.connections.dll"/></x64></remove></plugin><plugin name="NppCrypt"><x64Version>1.0.1.5</x64Version><description>encryption/decryption with various block ciphers, hash-algorithms, random-characters, encoding with base-16/32/64</description><author>Jean Paul Richter</author><homepage>https://github.com/jeanpaulrichter/nppcrypt</homepage><sourceUrl>https://github.com/jeanpaulrichter/nppcrypt</sourceUrl><latestUpdate>20 Nov 2017 changlog v1.0.1.5:\nnew cipher (ChaCha), hash (BLAKE2), minor interface improvements, bugfixes</latestUpdate><install><x64><download>https://github.com/jeanpaulrichter/nppcrypt/releases/download/1.0.1.5/nppcrypt_1.0.1.5_x64.zip</download><copy from="nppcrypt.dll" to="$PLUGINDIR$\" validate="true"/></x64></install></plugin><plugin name="NppEventExec"><x64Version>0.9.0</x64Version><dependencies><plugin name="NppExec"/></dependencies><description>NppEventExec allows you to automatically execute NppExec scripts on Notepad++ events. You can use it for example to format and compile source code. Unleash the beast.</description><author>Mihail Ivanchev</author><homepage>https://github.com/MIvanchev/NppEventExec</homepage><sourceUrl>https://github.com/MIvanchev/NppEventExec</sourceUrl><latestUpdate>v0.9.0 (Aug 14, 2017)\n\n* Added a 64-bit version (thanks chcg).\n* Added a rule management dialog.\n* Added a rule edit dialog.\n* Rules can now be aborted before they're executed.\n* Restyled the about dialog.\n* Fixed numerous bugs throughout the plugin.\n* Added unit tests for the CSV parser.</latestUpdate><stability>Good</stability><install><x64><download>https://github.com/MIvanchev/NppEventExec/releases/download/v0.9.0/NppEventExec-plugin-x64-0.9.0.zip</download><copy from="NppEventExec.dll" to="$PLUGINDIR$\" validate="true"/><copy from="doc\NppEventExec_license.txt" to="$PLUGINDIR$\doc"/></x64></install></plugin><plugin name="NppExec"><x64Version>0.6</x64Version><description>With this NppExec plugin you can execute your commands or saved scripts without leaving Notepad++. It makes you triple your productivity!</description><author>Vitaliy Dovgan</author><homepage>https://github.com/d0vgan/nppexec</homepage><sourceUrl>https://downloads.sourceforge.net/project/npp-plugins/</sourceUrl><latestUpdate>2018-06-20 v0.6 RC 2\n ----------------------\n* new environment variables: $(CLIPBOARD_TEXT), $(NPP_HWND), $(SCI_HWND)\n* new commands: clip_settext, messagebox, exit, npe_sendmsgbuflen\n* set &lt;var&gt; ~ strlensci &lt;string&gt;\n* internal improvements\n* the NppExec Manual has been updated</latestUpdate><install><x64><download>https://sourceforge.net/projects/npp-plugins/files/NppExec/NppExec%20Plugin%20v0.6%20RC2/NppExec_06RC2_dll_x64.zip/download</download><copy from="doc\NppExec\*.*" to="$PLUGINDIR$\doc\NppExec"/><copy from="NppExec\*.h" to="$PLUGINDIR$\NppExec"/><copy from="NppExec.dll" to="$PLUGINDIR$\" validate="true"/></x64></install></plugin><plugin name="NppExport"><x64Version>0.2.8.0</x64Version><description>NppExport is a true WYSIWYG exporter. It allows you not only to save your source code as a html/rtf file, but also to copy your source code in the clipboard in RTF/HTML format, so you can paste it into your word processor (MS Word, Abiword, openoffice.org Writer) to get the same visual effect.</description><latestUpdate>2018-01-06 Unofficial port of https://sourceforge.net/projects/npp-plugins/files/NppExport/NppExport%20Plugin%20v0.2.8/NppExport_0_2_8_dll.zip/download for x64</latestUpdate><install><x64><download>https://github.com/chcg/NPP_ExportPlugin/releases/download/0.2.8.16/NppExport_0.2.8.16_x64.zip</download><copy from="NppExport.dll" toFile="$PLUGINDIR$\$PLUGINFILENAME$" validate="true"/></x64></install></plugin><plugin name="NppFavorites"><x64Version>1.0.0.1</x64Version><description>Favorites plugin for Notepad++\n\nNotepad++ is a GREAT text editor for programmers, but it does not come with favorites...\nThis project is a simple solution to that problem.</description><author>Helder Sepulveda</author><homepage>https://github.com/heldersepu/nppfavorites</homepage><sourceUrl>https://github.com/heldersepu/nppfavorites</sourceUrl><latestUpdate>[2018-10-16]\n- initial release</latestUpdate><install><x64><download>https://github.com/heldersepu/nppfavorites/releases/download/1.0.0.1.21/NppFavorites_1.0.0.1.21_x64.zip</download><copy from="NppFavorites.dll" to="$PLUGINDIR$\" validate="true"/></x64></install></plugin><plugin name="NppFTP"><x64Version>0.28.0</x64Version><aliases><alias name="nppftp"/></aliases><description>NppFTP: a plugin that allows FTP, FTPS, FTPES and SFTP communications. Very useful for web development.</description><author>ashish_kulz</author><homepage>https://ashkulz.github.io/NppFTP/</homepage><sourceUrl>https://github.com/ashkulz/NppFTP/</sourceUrl><latestUpdate>2019-01-01\n- first version with change from libssh 0.7.x -&gt; 0.8.x\n- update to libssh 0.8.6 from https://www.libssh.org/files/0.8/libssh-0.8.6.tar.xz (changelog see https://www.libssh.org/2018/12/24/libssh-0-8-6-xmas-edition/ and for previous versions https://git.libssh.org/projects/libssh.git/tree/ChangeLog?h=stable-0.8)\n- small adaptations to corresponding api changes</latestUpdate><install><x64><download>https://github.com/ashkulz/NppFTP/releases/download/v0.28.0/NppFTP-x64.zip</download><copy from="bin\NppFTP.dll" to="$PLUGINDIR$\" validate="true"/><copy from="doc\license_*.txt" to="$PLUGINDIR$\doc\NppFTP"/></x64></install></plugin><plugin name="NppGTags"><x64Version>4.4.1</x64Version><description>NppGTags plugin is a front-end to GTags (GNU Global source code tagging system). It allows easy code navigation by indexing the project sources. Supports finding symbol definitions and references, finding project paths, string literals, regular expressions (GREP functionality) and adds symbol auto-completion. Supports unlimited simultaneous searches. GTags built-in code parser supports C, C++, Yacc, Java, PHP4 and Assembly. Other languages are supported through Pygments + CTags parser.</description><author>Pavel Nedev</author><homepage>https://github.com/pnedev/nppgtags</homepage><sourceUrl>https://github.com/pnedev/nppgtags</sourceUrl><latestUpdate>[2018-10-29]\n- Made find-in-results window horizontally scrollable.\n- Automatically add selected text in results window to the find-in-results text field.\n- Changed plugin's installation path according to the latest Notepad++'s requirements.\n- GTags binaries updated to v6.6.2.</latestUpdate><install><x64><download>https://github.com/pnedev/nppgtags/releases/download/v4.4.1/NppGTags_v4.4.1_X64.zip</download><copy from="NppGTags.dll" toFile="$PLUGINDIR$\" validate="true"/><copy from="NppGTags\*.*" to="$PLUGINDIR$\NppGTags\" validate="true" recursive="true"/></x64></install><remove><x64><delete file="$PLUGINDIR$\NppGTags\"/></x64></remove></plugin><plugin name="NppJumpList"><x64Version>1.2.2</x64Version><description>Adds windows 7 jump list support.</description><author>ahvgeezer</author><homepage>https://sourceforge.net/projects/nppjumplist/</homepage><install><x64><download>https://github.com/chcg/JumpList/releases/download/1.2.2.7/NppJumpList_1.2.2.7_x64.zip</download><copy from="NppJumpList.dll" to="$PLUGINDIR$" validate="true"/><copy from="readme.txt" to="$PLUGINDIR$\doc\NppJumpList"/></x64></install></plugin><plugin name="NppNetNote"><x64Version>0.1.0.0</x64Version><aliases><alias name="NppDocShare"/></aliases><description>Allows the same document to be edited in real time on two different computers.  Only needs a network connection between the two.</description><author>Harrybharry</author><sourceUrl>https://downloads.sourceforge.net/sourceforge/npp-plugins/NppDocShare_0_1_src.zip</sourceUrl><latestUpdate>2018-01-20 Unofficial port of https://sourceforge.net/projects/npp-plugins/files/NppDocShare/NppDocShare%20plugin%20v0.1/ for x64</latestUpdate><install><x64><download>https://github.com/chcg/NppDocShare/releases/download/0.1.11/NppDocShare_0.1.11_x64.zip</download><copy from="NppDocShare.dll" to="$PLUGINDIR$\" validate="true"/></x64></install></plugin><plugin name="NppQrCode"><x64Version>0.0.0.1</x64Version><description>This plugin allows to create QR-Code from selected text. Just select the text and push plugin button.</description><author>Vladimir Korobenkov</author><homepage>https://github.com/vladk1973/NppQrCode</homepage><latestUpdate>27.02.2018 (v0.0.0.1)\n- Initial release</latestUpdate><stability>Good</stability><install><x64><download>https://github.com/vladk1973/NppQrCode/releases/download/v0.0.0.1/NppQrCode-0.0.0.1-x64.zip</download><copy from="NppQrCode64.dll" to="$PLUGINDIR$\" validate="true"/></x64></install><remove><x64><delete file="$PLUGINDIR$\NppQrCode64.dll.dll"/></x64></remove></plugin><plugin name="NppRegExTractor"><x64Version>2.0.0</x64Version><description>Search one or more regular expression in one ore more different files and get and xml search result.</description><author>Jan Graefe</author><homepage>https://github.com/viper3400/RegExTractor/wiki/de_userdocumentation</homepage><sourceUrl>https://github.com/viper3400/NppRegExTractor</sourceUrl><latestUpdate>2017-12-29 Release now contains x86 and x64 versions for either the x86 build of Notepad++ or the x64 build. There are no code changes in RegExTractor itself.</latestUpdate><install><x64><download>https://github.com/viper3400/NppRegExTractor/releases/download/2.0.0/NppRegExTractor_2.0.0_BUILD_2_x64.zip</download><copy from="NppRegExTractorPlugin.dll" to="$PLUGINDIR$\" validate="true"/><copy from="RegExTractor\*" to="$PLUGINDIR$\RegExTractor" validate="true"/></x64></install><remove><x64><delete file="$PLUGINDIR$\NppRegExTractorPlugin.dll"/><delete file="$PLUGINDIR$\RegExTractor\*"/><delete file="$PLUGINDIR$\RegExTractor"/></x64></remove></plugin><plugin name="Open Selection"><x64Version>1.1.2</x64Version><aliases><alias name="OpenSelection"/></aliases><description>OpenSelection is designed to help people to open files based on the selected text. A typical applications is "include" files of may types of programs. Another applications is to open Matlab functions. The plugin is can be customized for different languages based on the open file extension. Multiple search folders may be specified along with multiple extensions.</description><author>Franco Stellari</author><homepage>https://sites.google.com/site/fstellari/nppplugins</homepage><sourceUrl>https://sites.google.com/site/fstellari/nppplugins</sourceUrl><latestUpdate>2017-02-14	Improve detection of context menu.</latestUpdate><stability>Good</stability><install><x64><download>https://sites.google.com/site/fstellari/nppplugins/OpenSelection_dll_1v12.zip</download><copy from="64bit\OpenSelection.dll" to="$PLUGINDIR$\" validate="true"/></x64></install></plugin><plugin name="Plugin Manager"><x64Version>1.4.12</x64Version><description>The Plugin Manager is this plugin, that allows installation, update and removal of Notepad++ plugins. It will notify you of updates to plugins that you have installed, and automatically install dependencies and required files into the correct places.</description><author>Dave Brotherstone</author><homepage>https://bruderste.in/npp/pm/</homepage><sourceUrl>https://github.com/bruderstein/nppPluginManager</sourceUrl><latestUpdate>2018-09-30\n- add fix for issue #127 to support N++ 7.5.7 feature of plugin search in subdirs\n- updated appveyor.yml to use v140_xp and VM image VS2017</latestUpdate><stability>Good</stability><install><x64><download>https://github.com/bruderstein/nppPluginManager/releases/download/v1.4.12/PluginManager_v1.4.12_x64.zip</download><copy from="plugins\PluginManager.dll" to="$PLUGINDIR$\" validate="true"/><copy from="updater\gpup.exe" to="$NPPDIR$\updater" validate="true" replace="true" isGpup="true"/></x64></install></plugin><plugin name="Poor Man's T-Sql Formatter"><x64Version>1.6.10</x64Version><description>A simple SQL formatter performing full multi-batch T-SQL formatting (individual statements, stored procedures, any DML, any DDL) with numerous formatting options.</description><author>Tao Klerks</author><homepage>http://www.architectshack.com/PoorMansTSqlFormatter.ashx</homepage><sourceUrl>https://github.com/TaoK/PoorMansTSqlFormatter</sourceUrl><latestUpdate>2016-11-21 (v1.6.10): Misc fixes, esp. noformat region fixes</latestUpdate><stability>Good</stability><install><x64><download>https://github.com/TaoK/PoorMansTSqlFormatter/releases/download/1.6.10/SqlFormatterNppPlugin.x64.1.6.10.b.zip</download><copy from="PoorMansTSqlFormatterNppPlugin.dll" to="$PLUGINDIR$\" validate="true"/><copy from="PoorMansTSqlFormatterNppPlugin\LinqBridge.dll" to="$PLUGINDIR$\PoorMansTSqlFormatterNppPlugin\" validate="true"/><copy from="PoorMansTSqlFormatterNppPlugin\fr\PoorMansTSqlFormatterPluginShared.resources.dll" to="$PLUGINDIR$\PoorMansTSqlFormatterNppPlugin\fr\" validate="true"/><copy from="PoorMansTSqlFormatterNppPlugin\es\PoorMansTSqlFormatterPluginShared.resources.dll" to="$PLUGINDIR$\PoorMansTSqlFormatterNppPlugin\es\" validate="true"/><copy from="PoorMansTSqlFormatterNppPlugin\PoorMansTSqlFormatterLib.dll" to="$PLUGINDIR$\PoorMansTSqlFormatterNppPlugin\" validate="true"/><copy from="PoorMansTSqlFormatterNppPlugin\PoorMansTSqlFormatterPluginShared.dll" to="$PLUGINDIR$\PoorMansTSqlFormatterNppPlugin\" validate="true"/></x64></install><remove><x64><delete file="$PLUGINDIR$\PoorMansTSqlFormatterNppPlugin\es\PoorMansTSqlFormatterPluginShared.resources.dll"/><delete file="$PLUGINDIR$\PoorMansTSqlFormatterNppPlugin\es"/><delete file="$PLUGINDIR$\PoorMansTSqlFormatterNppPlugin\fr\PoorMansTSqlFormatterPluginShared.resources.dll"/><delete file="$PLUGINDIR$\PoorMansTSqlFormatterNppPlugin\fr"/><delete file="$PLUGINDIR$\PoorMansTSqlFormatterNppPlugin\LinqBridge.dll"/><delete file="$PLUGINDIR$\PoorMansTSqlFormatterNppPlugin\PoorMansTSqlFormatterLib.dll"/><delete file="$PLUGINDIR$\PoorMansTSqlFormatterNppPlugin\PoorMansTSqlFormatterPluginShared.dll"/><delete file="$PLUGINDIR$\PoorMansTSqlFormatterNppPlugin"/><delete file="$PLUGINDIR$\PoorMansTSqlFormatterNppPlugin.dll"/><delete file="$CONFIGDIR$\Poor Man's T-Sql Formatter.ini.xml"/></x64></remove></plugin><plugin name="Pork2Sausage"><x64Version>2.1</x64Version><description>Transforms selected text to through a transformer (a console program which takes inputs then generates output).  Up to 20 transformers can be defined</description><author>Don Ho</author><homepage>https://github.com/npp-plugins/pork2sausage</homepage><sourceUrl>https://github.com/npp-plugins/pork2sausage</sourceUrl><latestUpdate>[2016-09-16] Remove the dependency issue</latestUpdate><install><x64><download>https://github.com/npp-plugins/pork2sausage/releases/download/v2.1/pork2sausage.2.1.bin.x64.zip</download><copy from="Config/pork2Sausage.ini" to="$CONFIGDIR$\"/><copy from="readmetxt" to="$PLUGINDIR$\doc\Pork2Sausage"/><copy from="pork2sausage.dll" to="$PLUGINDIR$\" validate="true"/></x64></install></plugin><plugin name="Python Script"><x64Version>1.3.0</x64Version><description>Scripting plugin for Notepad++, documentation included\nAs easy as:\n     notepad.open('filename.txt')\n     editor.appendText("Hello World")\nFull programmatic access to Notepad++ features and menus\nFull programmatic access to all of Scintilla features\nCall other plugin menu items\nAssign menu items, shortcuts and toolbar icons to scripts\nProcess Notepad++ and Scintilla events, direct from a Python script\nPython console built-in\nFull regular expression support for search and replace - script Python regular expression replaces\nStart external programs and pipe the output direct to a Notepad++ document, or filter it, or simply to the console window\nFull documentation for all the objects and methods</description><author>Dave Brotherstone + Jocelyn Legault</author><homepage>https://npppythonscript.sourceforge.net</homepage><sourceUrl>https://github.com/davegb3/PythonScript</sourceUrl><latestUpdate>[2018-10-09]\n1.3 version with:\n- Context-Help does not include LANGTYPE enum #107\n- "See Scintilla documentation for ..." broken in the documentation #96\n- Default "print" to output to console #78 \n- notepad.getFiles() should only return REAL tab file data #98\n- Buttons with relative paths #15\n- [Enhancement] Add "Input History" navigation buttons to Console #69\n- several documentation updates #94\n- Coloring in console output window does not work reliably #95\n- Update MENUCOMMAND list #91\n- Set console layout to LTR even if NPP layout is RTL #58\n- &gt;&gt;&gt; in Console changes to - - - #88\n- store/read user scripts relative to plugins config directory #99\n- used plain python 2.7.15, without the modifications from fork https://github.com/bruderstein/python, reintroducing dependency to MSVCR90.dll</latestUpdate><install><x64><download>https://github.com/bruderstein/PythonScript/releases/download/v1.3.0/PythonScript_Full_1.3.0.0_x64.zip</download><download>https://github.com/bruderstein/PythonScript/releases/download/v1.3.0/PythonScript_ExtraLibs_1.3.0.0_x64.zip</download><copy from="python27.dll" to="$NPPDIR$\" validate="true"/><copy from="plugins\PythonScript.dll" to="$PLUGINDIR$\" validate="true"/><copy from="plugins\PythonScript\*.*" to="$PLUGINDIR$\PythonScript" recursive="true"/><copy from="plugins\doc\PythonScript\*.*" to="$PLUGINDIR$\doc\PythonScript" recursive="true"/></x64></install><remove><x64><delete file="$PLUGINDIR$\PythonScript"/></x64></remove></plugin><plugin name="RainLexer"><description>Rainmeter .ini configuration file syntax highlighting plugin.\n\nDOWNLOAD FROM: https://github.com/poiru/rainlexer/releases</description><isLibrary>true</isLibrary><author>Birunthan Mohanathas</author><homepage>https://poiru.github.com/rainlexer</homepage><sourceUrl>https://github.com/poiru/rainlexer</sourceUrl><latestUpdate>2018-12-15  V2.2.0\nThis reflects the change in the location of plugin .dll's in Notepad++ in 7.6.1\nVersion 7.6.1 or later of Notepad++ is required.</latestUpdate><stability>Good</stability><minVersion>99.9</minVersion><install><unicode/></install></plugin><plugin name="RunMe"><x64Version>1.4.0</x64Version><aliases><alias name="Run Me"/></aliases><description>RunMe allows to execute the currently open file, based on its shell association.\nThe plugin allows also to open an explorer or command shell at the file location.\nOptions are available to same the current file (or all the files) before execution.\nThe executed file can be run in foreground,background, or hidden mode.\nContext menu entries and tool bar icons are available.</description><author>Franco Stellari</author><homepage>https://sites.google.com/site/fstellari/nppplugins</homepage><latestUpdate>Added 64bit support\nAdded capability of running scripts with parameters</latestUpdate><stability>Good</stability><install><x64><download>https://sites.google.com/site/fstellari/nppplugins/RunMe_dll_1v40.zip</download><copy from="64bit\RunMe.dll" to="$PLUGINDIR$\" validate="true"/></x64></install></plugin><plugin name="Save as admin"><x64Version>1.0.172</x64Version><description>This plugin allows you to save any file as administrator.\nJust press "Save" in Notepad++ and if you are not allowed to change this file as user, Notepad++ will save it as administrator.\nWindows XP, Windows 7 and Windows Vista are supported.</description><author>Khnykin Evgeniy</author><homepage>https://sourceforge.net/projects/nppsaveasadmin/</homepage><sourceUrl>https://github.com/Hsilgos/nppsaveasadmin</sourceUrl><latestUpdate>[2018-10-29]\nChanges for Plugin Admin are rolled back</latestUpdate><install><x64><download>https://github.com/Hsilgos/nppsaveasadmin/releases/download/1.0.172/NppSaveAsAdmin_1.0.172_x64.zip</download><copy from="NppSaveAsAdmin.dll" to="$PLUGINDIR$\" validate="true"/></x64></install></plugin><plugin name="SecurePad"><x64Version>2.2</x64Version><description>With this you can encrypt/decrypt whole documents or selected text with your own key.  It is useful for storing sensitive information like logins and you don't want them lying around in a plaintext file.</description><author>Dominic Tobias</author><sourceUrl>https://github.com/DominicTobias/SecurePad</sourceUrl><latestUpdate>[2018-11-20] v2.2: Recompiled with latest plugin files for compatibility with latest Notepad++ (6.5.1). Note that the compatibility break may have occurred before this, I have only tested that it works with this version though it is likely to work with lower versions of 6.5 too.</latestUpdate><install><x64><download>https://github.com/DominicTobias/SecurePad/releases/download/v2.2/SecurePad_v2.2_x64.zip</download><copy from="SecurePad.dll" to="$PLUGINDIR$\" validate="true"/></x64></install></plugin><plugin name="Select 'N' Launch"><x64Version>2.1</x64Version><description>This plugin gets your selected text, saves it as file with the extension you customize in the system temporary directory, then call system to open it with the extension associated program.</description><author>Don Ho</author><homepage>https://github.com/npp-plugins/selectnlaunch</homepage><sourceUrl>https://github.com/npp-plugins/selectnlaunch</sourceUrl><latestUpdate>[2016-09-16] Remove dependency of other dll</latestUpdate><install><x64><download>https://github.com/npp-plugins/selectnlaunch/releases/download/v2.1/selectNLaunch.v2.1.bin.x64.zip</download><copy from="SelectNLaunch.dll" to="$PLUGINDIR$\" validate="true"/><copy from="*.txt" to="$PLUGINDIR$\doc\SelectNLaunch"/></x64></install></plugin><plugin name="SelectQuotedText"><x64Version>1.0.0</x64Version><description>Select the text in quotes (aka a string) based on the Scintilla lexers in Notepad++. Just press Alt+' and select the entire string under the cursor. If no string is found, it select the current word.</description><author>Frank Fesevur</author><homepage>https://www.fesevur.com/selectquotedtext</homepage><sourceUrl>https://github.com/ffes/selectquotedtext/</sourceUrl><latestUpdate>First release</latestUpdate><stability>Good</stability><install><x64><download>https://github.com/ffes/selectquotedtext/releases/download/v1.0.0/SelectQuotedText-100-x64.zip</download><copy from="SelectQuotedText.dll" to="$PLUGINDIR$\"/></x64></install><remove><x64><delete file="$PLUGINDIR$\SelectQuotedText.dll"/></x64></remove></plugin><plugin name="Session Manager"><x64Version>1.4.3</x64Version><description>IMPORTANT: If you are upgrading from a version older than 1.2 then, immediately after the upgrade, open the Settings dialog and reconfigure your settings.</description><author>Mike Foster</author><homepage>https://mfoster.com/npp/SessionMgr.html</homepage><sourceUrl>https://mfoster.com/npp/download.html</sourceUrl><latestUpdate>Support forum:\nhttps://sourceforge.net/p/notepad-plus/discussion/482781/thread/dea823d0/\n\n[2018-12-13] Change notes for v1.4.3:\n- see https://github.com/chcg/npp-session-manager/releases/tag/v1.4.3\n, as mike is not actively working on it any more. This release is therefore not visible from the official website of the project.\n\nChange notes for v1.4.2, 15Feb2015:\n- Bug-fix: The context menu feature assumed "contextMenu.xml" to be in Notepad++'s installation folder, but now it determines if it is there or in %AppData%.\n- Improvement: The P2P API is now much more comprehensive.\n- Made improvements to the help page.\n\nFor complete revision history visit http://mfoster.com/npp/</latestUpdate><stability>Good</stability><install><x64><download>https://github.com/chcg/npp-session-manager/releases/download/v1.4.3/SessionMgr_v1.4.3_x64.zip</download><copy from="SessionMgr.dll" to="$PLUGINDIR$\" validate="true"/><copy from="doc\SessionMgr.css" to="$PLUGINDIR$\doc"/><copy from="doc\SessionMgr.html" to="$PLUGINDIR$\doc"/></x64></install><remove><x64><delete file="$PLUGINDIR$\SessionMgr.dll"/><delete file="$PLUGINDIR$\doc\SessionMgr.css"/><delete file="$PLUGINDIR$\doc\SessionMgr.html"/></x64></remove></plugin><plugin name="Shtirlitz"><x64Version>1.1.2</x64Version><description>The Shtirlitz plug-in menu lists decoding styles. Choose a style - and this style decodes the selected text (Turbo-5 style should fit in most cases). The styles themselves and all the settings can be made by Stirlitz.exe, which is in the Shtirlitz folder. It is there without advertising pictures and due to this only 428 KB.</description><author>Vsevolod Lukyanin</author><homepage>https://vk.com/wall203102356_293</homepage><sourceUrl>https://github.com/shtirlitz-dev/notepadpp-plugin/tree/master/unzipped</sourceUrl><latestUpdate>[2018-12-26]\nv. 1.1.2\n- Version addded in resources\n- 64-bit version added\n- Additional files are not required, only ShtirlitzNppPlugin.dll\n- Decoding styles were redefined\n- When required, a .dat file can be prepared in Shtirlitz (encodings, transliterations, styles) and moved as ShtirlitzNppPlugin.dat in the folder with ShtirlitzNppPlugin.dll.\n- If there is no selection in the text window, Shtirlitz plugin selects all the texts, decodes and replaces it.</latestUpdate><install><x64><download>https://github.com/shtirlitz-dev/notepadpp-plugin/raw/master/64bit/ShtirlitzNppPlugin.zip</download><copy from="ShtirlitzNppPlugin.dll" to="$PLUGINDIR$\" validate="true"/></x64></install></plugin><plugin name="Snippets"><x64Version>1.4.0</x64Version><description>Adds the possibility to add code snippets to the current document by selecting it from a simple list.</description><author>Frank Fesevur</author><homepage>https://www.fesevur.com/nppsnippets</homepage><sourceUrl>https://github.com/ffes/nppsnippets/</sourceUrl><latestUpdate>v1.4.0  ffes released this on 24 May 2017\n\n    Provide a 64-bit version of the plug-in.\n    Added the possibility to export a library for easier sharing.\n    The color of the plug-in match the current Notepad++ theme.\n    Converted the documentation from DocBook to reStructuredText. The documentation is now hosted at Read The Docs.\n    Fixed bug 6 at Google Code and its GitHub duplicate issue #8. When a snippet had an empty first line it could not be saved.\n    Removed all references to Google Code because that service has retired. All things that were still on Google Code have been moved to GitHub.\n    Internally use my SqliteDB-class to communicate with the database.\n    Added option ToolbarIcon to hide the icon from the toolbar.\n    Update icon on toolbar. It is now a puzzle piece.\n    Fixed issue that sometimes new libraries and/or new snippets could not be added.\n    Upgrade to SQLite version 3.19.0</latestUpdate><install><x64><download>https://github.com/ffes/nppsnippets/releases/download/v1.4.0/NppSnippets-140-x64.zip</download><copy from="NppSnippets.dll" to="$PLUGINDIR$\" validate="true"/><copy from="NppSnippets\*.sql" to="$PLUGINDIR$\NppSnippets"/><copy from="NppSnippets\*.sqlite" to="$PLUGINDIR$\NppSnippets"/></x64></install></plugin><plugin name="SQLinForm"><x64Version>5.3.19</x64Version><aliases><alias name="SQLinForm64"/></aliases><description>SQLinForm formats plain SQL, SQL embedded in Program Code, SQL snippets and SQL Statements with syntax errors.\n SQLinForm's Plugin for Notepad++ has a powerful code folding feature and formats your SQL as you Type. It supports all major DB like Oracle, DB2, SQL Server, Teradata, Netezza, MySQL, Sybase, MS Access, etc. SQLinForm incorporates its own multi-DB parser engine. No additional software is required.</description><author>Guido Thelen</author><homepage>https://www.sqlinform.com</homepage><latestUpdate>2018-10-19\nImproved Screen Resolutions\nHighlight added White Spaces\nAdded new formatting Options\nRedesigned GUI\nAdded Translation for Spanish\nAdded Translation for German</latestUpdate><stability>Good</stability><minVersion>7.0</minVersion><install><x64><download>https://www.sqlinform.com/npp/SQLinFormNpp64_5.3.19.zip</download><copy from="SQLinFormNpp64.dll" to="$PLUGINDIR$\" validate="true"/></x64></install><remove><x64><delete file="$PLUGINDIR$\SQLinFormNpp64.dll"/></x64></remove></plugin><plugin name="SurroundSelection"><x64Version>1.1</x64Version><description>Surrounds the selection in quotes/brackets/parenthesis\nNOTE: This may not work with non-US keyboard layouts.</description><author>Justin Dailey</author><sourceUrl>https://github.com/dail8859/SurroundSelection</sourceUrl><latestUpdate>2017-04-13 Add menu option to enable/disable plugin\nAllow typing of closing symbols (e.g. ), ], or })</latestUpdate><stability>Good</stability><install><x64><download>https://github.com/dail8859/SurroundSelection/releases/download/v1.1/SurroundSelection_64.zip</download><copy from="SurroundSelection_64.dll" to="$PLUGINDIR$\" validate="true"/></x64></install><remove><x64><delete file="$PLUGINDIR$\SurroundSelection_64.dll"/></x64></remove></plugin><plugin name="TagLEET"><x64Version>1.3.1.0</x64Version><description>Ctags browser. Look up the definition of variables and functions in source code. Can also find include files if ctags file was generated correctly. Ultra fast with low memory usage. Allow working with a single ctags file for very large projects.</description><author>Gur Stavi</author><homepage>https://sourceforge.net/projects/tagleet/</homepage><latestUpdate>Support case insensitive (foldcase) sorting in tags file.</latestUpdate><stability>Good</stability><install><x64><download>https://sourceforge.net/projects/tagleet/files/v1.3.1/TagLEET_1.3.1.0.x64.zip/download</download><copy from="TagLEET.dll" to="$PLUGINDIR$\" validate="true"/></x64></install><remove><x64><delete file="$PLUGINDIR$\TagLEET.dll"/></x64></remove></plugin><plugin name="TakeNotes"><x64Version>1.2.0</x64Version><aliases><alias name="Take Notes"/></aliases><description>TakeNotes is designed to help people who like to use Notepad++ for jotting quick notes. Instead of using unnamed "new ?" files, this plugins allows to quickly create new empty files in a folder of choice. The file names may be custom generated using a mask and may contain details such as the user name, date, and time of creation so that unique files may be generated. Additionally, the plugin allows to load exiting notes in the folder of choice, save existing files as a note, and open the last saved note quickly. Please refer to the Options dialog box for more details.\nIt is strongly recommended to use this plugin in combination with AutoSave to make sure that you never loose a note.</description><author>Franco Stellari</author><homepage>https://sites.google.com/site/fstellari/nppplugins</homepage><sourceUrl>https://sites.google.com/site/fstellari/nppplugins</sourceUrl><latestUpdate>Added 64bit version</latestUpdate><stability>Good</stability><install><x64><download>https://sites.google.com/site/fstellari/nppplugins/TakeNotes_dll_1v20.zip</download><copy from="64bit\TakeNotes.dll" to="$PLUGINDIR$\" validate="true"/></x64></install></plugin><plugin name="Task List"><x64Version>2.1</x64Version><description>This plugin automatically scans the open document in Notepad++ and adds all "TODO:*" items to your task list, a window pane docked on the right. Double-clicking an item in the list will take you to that line in the code.</description><author>blitowitz</author><homepage>https://code.google.com/p/npp-task-list/</homepage><sourceUrl>https://github.com/Megabyteceer/npp-task-list</sourceUrl><latestUpdate>2018-06-06 Version 2.1\n- use github followup source repo\n- added version info to dll\n\nVERSION 2: \nConfig files are now supported. See the default config file for syntax.</latestUpdate><install><x64><download>https://github.com/Megabyteceer/npp-task-list/releases/download/v2.1.0/NppTaskList_v2.1.0_x64.zip</download><copy from="NppTaskList.dll" to="$PLUGINDIR$\" validate="true"/><copy from="Config\npp_task_list.cfg" to="$CONFIGDIR$\"/></x64></install></plugin><plugin name="ToolBucket"><x64Version>1.10</x64Version><description>Requires .NET 3.5\nMulti-line search and replace dialog.\nChange indentation dialog.\nGenerate GUID\nGenerate Lorem Ipsum\nCompute MD5 Hash\nCompute SHA1 Hash\nBase 64 encode\nBase 64 decode</description><author>Paul Heasley</author><homepage>https://phdesign.com.au/npptoolbucket/</homepage><sourceUrl>https://github.com/phdesign/NppToolBucket/</sourceUrl><latestUpdate>18 Feb 2018  \n- Add menu item 'Clear find all' to remove all bookmarks\n- Add support for Find All / Count to work with 'All Open Documents</latestUpdate><install><x64><download>https://phdesign.com.au/assets/files/NppToolBucket-1.10-x64.zip</download><copy from="NppToolBucket.dll" to="$PLUGINDIR$\" validate="true"/></x64></install></plugin><plugin name="TopMost"><x64Version>1.4.0</x64Version><aliases><alias name="Top Most"/></aliases><description>TopMost allows to set the main Notepad++ window as a topmost window so it can stay on top of other windows even when it is not active.\nThis plugin sync with Notepad++ own stay on top functionality and allows to remember the setting between restarts as well as to show a toolbar button.</description><author>Franco Stellari</author><homepage>https://sites.google.com/site/fstellari/nppplugins</homepage><latestUpdate>Added 64bit version</latestUpdate><stability>Good</stability><install><x64><download>https://sites.google.com/site/fstellari/nppplugins/TopMost_dll_1v40.zip</download><copy from="64bit\TopMost.dll" to="$PLUGINDIR$\" validate="true"/></x64></install></plugin><plugin name="UDL AutoCad"><x64Version>2.0</x64Version><description>- Highlight Syntax for AutoCAD\n- Auto-Completion Functions\nATTENTION: UDLs are not imported automatically. This needs to be done by the user under Language-&gt;Define your language ... -&gt; Import... from N++\plugins\UDL dir</description><author>Rusi Dimitrov</author><homepage>https://github.com/rddim/notepad-plus-plus-autocad</homepage><latestUpdate>[2017-03-15]\nLinetype fixes\n- fixed highlight for brackets [ and ] when they are used in the name or in description of the linetype;\n- fixed highlight for main description, if it is the last line;\n- fixed highlight for wrong described lines (missing * or A at the beginning);</latestUpdate><install><x64><download>https://github.com/rddim/notepad-plus-plus-autocad/releases/download/v2.0/NPP_AutoCAD_v2.0.zip</download><copy from="plugins\APIs\*.xml" to="$PLUGINDIR$\APIs" validate="true"/><copy from="userDefineLang\*.xml" to="$PLUGINDIR$\UDL" validate="true"/></x64></install><remove><x64><delete file="$PLUGINDIR$\UDL\ACAD-Linetype.xml"/><delete file="$PLUGINDIR$\UDL\ACAD-Script.xml"/><delete file="$PLUGINDIR$\UDL\ACAD-Shape-Hatch.xml"/><delete file="$PLUGINDIR$\APIs\acad-linetype.xml"/><delete file="$PLUGINDIR$\APIs\acad-script.xml"/></x64></remove></plugin><plugin name="ViSimulator for Notepad++"><x64Version>18.03.08</x64Version><description>It is a plugin for Notepad++ which provides a Vi-Style input scheme like moving around with hjkl and editing text on Notepad++.\n\nMost of the common commands in vi are supported via this plugin Fast tap the 'ESC' 3 times to enable/disable the plugin\n\nBelow are list of the supported commands:\n\n    h j k l - move the cursor\n    a i o - switch to edit mode\n    $ - move to the end of the line\n    0 - move to the beginning of the line\n    w e - move to next word\n    u - undo\n    x - delete character[s]\n    d[G] - cut line[s]\n    y[G] - yank line[s]\n    p - paste\n    n N - search next matched\n    :number - move to the cursor to line\n    :w - save\n    :q - quit\n    :help - show all the supported commands</description><author>bycn82</author><homepage>https://github.com/bycn82/visimulator</homepage><versions><version number="17.12.17" md5="80bfd1abb48327992e26e0d4346784f6"/><version number="18.03.08" md5="6febce3201c5b050981568312dd8c86f"/></versions><latestUpdate>2018-03-08 Few keys added as per requested:\nA - insert at the end of the line (requested by @Ncerzzk )\nb - back to preview word (requested by @keanegit )\nG - go to last line ( requested by @lorre851 )</latestUpdate><stability>Good</stability><install><x64><download>https://github.com/bycn82/visimulator/raw/master/x64/ViSimulator-x64-20180308.zip</download><copy from="ViSimulator.dll" to="$PLUGINDIR$\" validate="true"/></x64></install></plugin><plugin name="XBrackets Lite"><x64Version>1.3.0</x64Version><description>XBrackets Lite allows to autocomplete brackets ([{""}]) i.e. it inserts corresponding right bracket when the left bracket is typed. The plugin uses "smart" autocompletion: * next character is analysed for ([{ brackets; * next &amp; previous characters are analysed for " quote.</description><author>Dovgan Vitaliy</author><latestUpdate>v1.3.0 - Feb 2018\n* 64-bit version added\n\nv1.2.1 - Oct 2012\n- fixed: while saving the options (CXBracketsOptions::SaveOptions),\n  the value of m_szHtmlFileExts was not correctly updated.\n  Thanks to David M. Miller for reporting &amp; providing a fix.\n\nv1.2 - May 2011\n* header files in "src/core/npp_stuff" updated to version 5.9 of Notepad++\n* now brackets autocompletion is disabled during multiple selection mode</latestUpdate><install><x64><download>https://sourceforge.net/projects/npp-plugins/files/XBrackets%20Lite/XBrackets%20Plugin%20v1.3.0/XBrackets_v130_dll_x64.zip</download><copy from="XBrackets.dll" to="$PLUGINDIR$\" validate="true"/><copy from="XBrackets.txt" to="$PLUGINDIR$\doc\XBrackets"/></x64></install></plugin><plugin name="XML Tools"><x64Version>2.4.9.2</x64Version><description>This plugin is a small set of useful tools for editing XML with Notepad++. The plugin is libXML2-based. The plugin features are:\n- XML syntax Check\n- XML Schema (XSD) + DTD Validation\n- XML tag autoclose\n- Pretty print\n- Linarize XML\n- Current XML Path\n- Conversion XML &amp;lt;-&amp;gt; Text\n- Comment / Uncomment\n- XPath expression evaluation</description><author>Nicolas Crittin</author><homepage>https://github.com/morbac/xmltools</homepage><sourceUrl>https://sourceforge.net/projects/npp-plugins/files/XML%20Tools/Xml%20Tools%202.4.4%20Unicode/Source%20XML%20Tools%202.4.4%20Unicode.zip/download</sourceUrl><latestUpdate>Release 2.4.9.2 \n- Fix pretty print function infinite loop when data ends unexpected\n\nRelease 2.4.9.1\n- Patch pretty print function error which occurred when text contains "='" sequence \n\nRelease 2.4.9\n- Compilation of 64bit version of the plugin \n- Fix pretty print with attributes and/or text containing &gt; char\n\nRelease 2.4.8\n- Add "Pretty print (attributes)" function\n- Fix pretty print of comments and CDATA blocs containing &lt; or &gt; char\n\nRelease 2.4.7\n- Add proxy support\n- Fix the "Set XML type automatically" function to avoid having caret placed at position 0 while changing the active tab\n\nRelease 2.4.6\n- Fix PrettyPrint on handling of quote delimiters used in xml attribute value\n- Re-compilation of libcurl.dll for Windows XP compatibility\n\nRelease 2.4.5\n- Modification of XPath evaluation to better manage XML with default namespace\n- Rollback of XML file detection behaviour modification of preceding release (was not working well)\n- Add a basic online check for plugin updates (checks on startup every 14 days)\n\nRelease 2.4.4\n- Optimization of pretty print function\n- Fix XML file detection issue when opening several files at once\n\nRelease 2.4.3 (r1058)\n- Fix auto-close with end markers ("&amp;lt;/a&amp;gt;" and "--&amp;gt;")\n- Fix PrettyPrint on handling of '&gt;' char present in text content\n\nRelease 2.4.2 (r1057)\n- Fix XPath evaluation for text() [bug #232]\n- Modification of PrettyPrint behaviour to avoid changing "&amp;lt;foo&amp;gt; &amp;lt;foo&amp;gt;" to "&amp;lt;foo/&amp;gt;" [bug #220]\n- Fix PrettyPrint EOL char support [bug #219]\n- Fix XPath evaluation issue with string result [bug #209]\n- Add information on unprefixed namespace handling during XPath evaluation [bug #195]\n- Fix a wrong reference to %appdata%\Notepad++\n\nRelease 2.4.1 (r1054)\n- Allow external DLLs to be loaded from %appdata%\Notepad++ folder\n- Change dialogs behaviour: dialogs are not destroyed on close and are restored on re-opening\n- Fix some memory leaks\n\nRelease 2.4 (r1048)\n- Fix pretty print error while playing with attributes containing quotes and double-quotes\n- Fix encoding support for following functions:\n  * Check XML syntax now\n  * Validate now\n  * Tag auto-close\n  * Current XML Path\n  * Evaluate XPath Expression\n  * XSL Transformation\n- Add "Prevent XXE" mode\n- Fix wrong selection length after conversions "&amp;amp;lt;&amp;amp;gt;" to "&amp;lt;&amp;gt;" and reverse\n- Upgrade libXML version (libXML 2.9.2, libXSLT 1.1.28, xmlsec 1.2.20, zlib 1.2.6, iconv 1.14, openssl 1.0.1j)\n- Add libXML/libXSLT versions infos in about box</latestUpdate><stability>Good</stability><install><x64><download>https://sourceforge.net/projects/npp-plugins/files/XML%20Tools/Xml%20Tools%202.4.9%20Unicode/Xml%20Tools%202.4.9.2%20x64%20Unicode.zip/download</download><copy from="dependencies\libiconv-2.dll" to="$NPPDIR$\" validate="true"/><copy from="dependencies\libwinpthread-1.dll" to="$NPPDIR$\" validate="true"/><copy from="dependencies\libxml2-2.dll" to="$NPPDIR$\" validate="true"/><copy from="dependencies\libxslt-1.dll" to="$NPPDIR$\" validate="true"/><copy from="dependencies\zlib1.dll" to="$NPPDIR$\" validate="true"/><copy from="install.txt" to="$PLUGINDIR$\doc\XmlTools"/><copy from="XMLTools.dll" to="$PLUGINDIR$\" validate="true"/><copy from="dependencies\libcurl.dll" to="$NPPDIR$\" validate="true"/></x64></install><remove><x64><delete file="$PLUGINDIR$\XMLTools.dll"/></x64></remove></plugin><plugin name="Zoom Disabler"><x64Version>1.2.0</x64Version><description>Worried about zooming your document everytime you just want to scroll but accidentally still holding the [Ctrl] key? Then this plugin is what you want! It disables mouse zoom or keyboard zoom or both.</description><author>Stanislav Eckert</author><homepage>https://github.com/StanDog/npp-zoomdisabler</homepage><latestUpdate>28.09.2016 (v1.2.0)\n- Fixed incorrect variable types in plugin template\n- 64-bit ready\n\n21.06.2015 (v1.1.3)\n- Updated email in about dialog\n- Moved from SourceForge to GitHub\n\n19.02.2015 (v1.1.2)\n- Updated about dialog\n- Updated internal code to XE 7\n\n30.03.2014 (v1.1.1)\n- Internal code cleanup\n\n29.03.2014 (v1.1)\n- Added option to allow using zoom with keyboard while still disabled for mouse\n\n28.03.2014 (v1.0)\n- Initial release</latestUpdate><stability>Good</stability><install><x64><download>https://github.com/StanDog/npp-zoomdisabler/raw/master/RELEASES/zoomdisabler_1.2.0.zip</download><copy from="zoomdisabler_x64.dll" to="$PLUGINDIR$\" validate="true"/></x64></install><remove><x64><delete file="$PLUGINDIR$\zoomdisabler.dll"/><delete file="$CONFIGDIR$\zoom_disabler.ini"/><delete file="$PLUGINDIR$\zoomdisabler_x64.dll"/></x64></remove></plugin></plugins>
